<?xml version="1.0" encoding="utf-8" ?><dwsync><file name="feedback.html" server="Macintosh HD/Applications/XAMPP/xamppfiles/htdocs/jqmbook/" local="3406647664" remote="16291549552" /><file name="feedback.php" server="Macintosh HD/Applications/XAMPP/xamppfiles/htdocs/jqmbook/" local="3406633042" remote="11996567634" /><file name="index.css" server="Macintosh HD/Applications/XAMPP/xamppfiles/htdocs/jqmbook/" local="3406647523" remote="16291549411" /><file name="index.html" server="Macintosh HD/Applications/XAMPP/xamppfiles/htdocs/jqmbook/" local="3406651050" remote="16291552938" /><file name="index.js" server="Macintosh HD/Applications/XAMPP/xamppfiles/htdocs/jqmbook/" local="3406651030" remote="16291552918" /><file name="jquery.js" server="Macintosh HD/Applications/XAMPP/xamppfiles/htdocs/jqmbook/" local="3406493411" remote="11996428003" /><file name="jquery.mobile-1.0.css" server="Macintosh HD/Applications/XAMPP/xamppfiles/htdocs/jqmbook/" local="3406493261" remote="11996427853" /><file name="jquery.mobile-1.0.js" server="Macintosh HD/Applications/XAMPP/xamppfiles/htdocs/jqmbook/" local="3406493260" remote="11996427852" /><file name="jquery.mobile-1.0.min.css" server="Macintosh HD/Applications/XAMPP/xamppfiles/htdocs/jqmbook/" local="3406493260" remote="11996427852" /><file name="jquery.mobile-1.0.min.js" server="Macintosh HD/Applications/XAMPP/xamppfiles/htdocs/jqmbook/" local="3406493260" remote="11996427852" /><file name="sessions.json" server="Macintosh HD/Applications/XAMPP/xamppfiles/htdocs/jqmbook/" local="3406650870" remote="16291552758" /></dwsync>